采集日期,平台名称,成交额(万),综合利率,投资人(人),借款周期(月),借款人(人),满标速度(分钟),累计贷款余额(万),净资金流入(万)
2017/5/9,鑫合汇,65653.03,7.07%,14172,0.25,458,7.43,503897.76,2135.49
2017/5/9,微贷网,25988.12,7.55%,10561,3.06,3709,1.41,1520716.51,4687.74
2017/5/9,红岭创投,24823.66,6.95%,13286,1.06,2202,12.82,2162459.18,-21826.97
2017/5/9,团贷网,19418.76,8.12%,30407,2.29,1473,0.81,41230.56,1246.06
2017/5/9,陆金服,19213.18,8.28%,4738,32.17,2315,0,13131799.5,-2593.44
2017/5/9,小牛在线,10363.34,9.25%,5167,5.71,448,25.43,1121078.42,6336.56
2017/5/9,爱钱进,10077.72,10.30%,5266,32.11,2649,0.08,1745018.38,9345.8
2017/5/9,宜贷网,9080.47,10.44%,4215,5.53,1156,8.04,363350.48,2689.94
2017/5/9,你我贷,8818.4,10.28%,11488,13.9,27216,4.75,1653707.28,805.28
2017/5/9,PPmoney理财,8704.29,9.42%,8009,6.34,14046,0.32,1878622.32,3049.44
2017/5/9,恒易融,8444.25,12.37%,1401,32.88,1040,0.32,1437163.13,7559.1
2017/5/9,人人贷,8014.91,10.21%,26148,35.2,975,1.39,1967954.85,6571.94
2017/5/9,有利网,6520.28,9.85%,14468,17.8,7553,0.01,1362833.01,3280.12
2017/5/9,向上金服,6477.64,10.27%,0,2.37,48,0,1853841.12,6388.36
2017/5/9,民贷天下,6285.5,6.70%,1724,3.75,2049,113.03,243019.01,-45.46
2017/5/9,泰然金融,6161.04,8.30%,2609,2.11,9,913.29,182142.01,2223.01
2017/5/9,北京众信金融,6030.61,8.83%,696,7.66,19,118.39,365721,3162.81
2017/5/9,十六铺金融,5779,10%,536,0.72,17,63.72,77883.73,5552.71
2017/5/9,爱投资,5553.56,11.54%,3129,13.75,218,1490.55,936121.91,3354.12
2017/5/9,聚有财,5171.28,8.85%,192,21.44,47,896.15,354674.59,5381.61
2017/5/9,财富中国,4732.6,10.01%,1187,15.11,294,97.54,561667.7,4094.39
2017/5/9,金信网,4604.88,8.86%,719,7.23,251,144.88,696455.6,-56.74
2017/5/9,爱钱帮,4602.71,9.31%,1186,1.37,201,5.19,186102.08,2524.23
2017/5/9,首金网,4385,8.22%,573,2.92,32,73.25,212426.3,834.16
2017/5/9,小微金融,3950,11.78%,1252,3.65,5,105.43,177327.57,2088.65
2017/5/9,温商贷,3813.99,10.22%,2323,3.21,27,249.92,538187.21,580.55
2017/5/9,投哪网,3733.73,8.39%,18073,8.79,454,0.05,777165.21,321.02
2017/5/9,网利宝,3465.9,7.97%,1080,2.17,12,257.68,185117.5,2747.16
2017/5/9,小猪理财,3303.4,13.21%,1028,1,82,95.42,66564.12,1710.62
2017/5/9,诺诺镑客,3185.5,10.62%,6770,20.84,3506,0.37,681884.85,1608.94
2017/5/9,融金所,3125.48,12.22%,2444,10.74,171,29.49,226240.33,1476.73
2017/5/9,浙财理财,2856,8%,335,0.24,12,33.07,21109.31,46.96
2017/5/9,金联储,2730,10.14%,1300,2.31,23,340.86,191560.31,1114.06
2017/5/9,福银票号,2650.4,5.06%,203,1.4,16,270.5,176687.61,-127
2017/5/9,钱爸爸,2538.85,9%,719,0.99,15,4.61,104383.77,-1239.86
2017/5/9,91旺财,2273,7.52%,614,1.84,26,75.68,90248.74,-493.58
2017/5/9,付融宝,2262.89,10.70%,5772,7.94,32,118.83,232459.17,1674.32
2017/5/9,小诺理财,2172.17,7.80%,1763,4.08,141,1.38,410119.38,710.84
2017/5/9,钜宝盆,2171.02,8%,467,35.61,243,1.69,594952.76,1724.7
2017/5/9,淘淘金,2108,8.20%,0,7.32,14,0,108128.17,683.05
2017/5/9,连资贷,2084.98,8.48%,0,2.53,16,38.85,32237.64,2116.46
2017/5/9,易通贷,1991.38,12.25%,2229,5.17,19,148.29,284848.83,-402.62
2017/5/9,信用宝,1895.14,11.96%,2,1,2,876.59,132346.59,68.18
2017/5/9,招商贷,1810,10.53%,888,3.66,19,1518.67,153891.84,293.34
2017/5/9,金投行,1781.98,6.31%,9,7.56,51,469,111355.08,1825.68
2017/5/9,汇盈金服,1780,10.02%,484,3.89,21,638.06,224446.41,340.78
2017/5/9,和信贷,1763.72,12.12%,974,0.31,27,260.85,256861.51,-231.41
2017/5/9,好贷宝,1755.1,10.67%,71,1.97,33,15.89,161675.29,0
2017/5/9,微金所,1679.24,9.08%,0,5.76,16,0,65634.56,0
2017/5/9,合时代,1669.84,11.24%,801,3.35,91,165.99,195302.9,-101.58
2017/5/9,小九金服,1611.7,9.10%,107,1.33,257,37.32,40232.69,1377.56
2017/5/9,365易贷,1531.99,9.94%,1960,5.15,128,37.3,112517.67,7.1
2017/5/9,钱多多,1500,13.20%,601,6,3,506.48,249911.16,920.9
2017/5/9,元宝365,1461.59,9.35%,687,0.67,205,69.07,50544.58,53.34
2017/5/9,广信贷,1450.91,12.49%,1027,13.59,92,0,139299.35,210.12
2017/5/9,铜掌柜,1450,6.71%,76,6.86,10,309.38,182241.95,1495.13
2017/5/9,博金贷,1443.87,7.01%,409,2.26,55,394.32,632871.53,720.42
2017/5/9,国金宝,1400,8.71%,0,4.14,4,1080.43,126706.62,422.25
2017/5/9,新升贷,1397.18,11.96%,72,2.45,216,0,52661.76,504.11
2017/5/9,汇理财,1378.7,6.34%,257,2.9,3,686.56,174878.01,522.24
2017/5/9,翼龙贷,1363.44,8.52%,0,8.85,174,0,2592519.69,-5008.36
2017/5/9,共信赢,1359.6,12.05%,145,7.12,1,1604.97,400985.22,464.01
2017/5/9,新联在线,1336.76,8.97%,172,0.45,14,219.06,308984.83,168
2017/5/9,银豆网,1300,13%,305,12.64,45,11.46,242240.46,1478.06
2017/5/9,中业兴融,1250,9.84%,349,3.28,25,658.88,171281.78,-268.72
2017/5/9,理想宝,1160,10.15%,654,3.35,18,173.95,124932.19,701.08
2017/5/9,九斗鱼,1126,10.35%,302,1.84,7,973.45,54393.97,856.25
2017/5/9,财路通,1114.5,7%,115,1,73,63.62,34238.74,591.35
2017/5/9,投融家,1075.38,9.01%,0,4.09,84,0,114974,35.73
2017/5/9,图腾贷,1050.49,13.78%,1191,12.15,193,7.48,61193.07,553.18
2017/5/9,华人金融,1048.56,9.81%,532,6.19,6,801.64,188058.27,-978.5
2017/5/9,人人聚财,1047.12,9.86%,11077,8.48,151,14.1,296554.28,-826.42
2017/5/9,爱本地,1044.05,9.19%,231,0.22,161,1.48,3489.23,211.37
2017/5/9,欢乐合家,1024.5,8.93%,517,6.74,20,849.13,141868.57,-37.53
2017/5/9,拓道金服,1013.64,11.28%,664,7.18,159,20.62,55533.08,887.17
2017/5/9,地标金融,1010,10.05%,289,1,2,315.62,41109.94,-506.58
2017/5/9,温州贷,975.94,9.65%,506,2.13,51,67.26,33449.39,309.23
2017/5/9,企额贷,967,11.51%,57,1.93,5,1127.21,31629.14,980.24
2017/5/9,道口贷,955.98,8.66%,471,3.99,11,3.75,106092.77,95.43
2017/5/9,一起好,952.42,12.79%,1606,9.6,2385,2.67,109048.35,493.11
2017/5/9,多多理财,933.97,12.99%,1905,4.51,94,170.42,71036.27,-130.77
2017/5/9,钱保姆,927.5,10.29%,40,1.49,23,344.63,48097.5,444.94
2017/5/9,迷你贷,921.7,11%,307,1.66,23,17.68,38319.12,359.84
2017/5/9,祺天优贷,893.47,10.07%,586,2.33,13,1288.56,48632.47,252.71
2017/5/9,钱盆网,845.18,14.36%,537,6.37,33,0,82852.01,540.31
2017/5/9,互融宝,840,10%,385,3.67,8,556.83,102027.82,-161.54
2017/5/9,冠e通,839.8,9.93%,360,9.39,11,8.1,588586.11,-5477.07
2017/5/9,光大分利宝,829.49,7.74%,272,0.71,6444,4.17,55333.95,-679.09
2017/5/9,利民网,822.54,10.01%,834,3.7,58,196.23,49945.62,472.52
2017/5/9,隆金宝,796.37,8.14%,23,6.19,1,245.24,199760.58,0
2017/5/9,58红利,792.2,9.76%,35,11.27,16,790.92,8543.89,861.75
2017/5/9,华赢贷,784.1,13.21%,67,2.91,9,112.45,55037.58,0
2017/5/9,金银猫,782.14,7.06%,533,3.02,26,647.31,168076.63,-526.67
2017/5/9,链链金融,764.8,6%,163,2.11,52,1.7,11795.22,423.93
2017/5/9,普资华企,759,10.29%,499,5.54,4,361.14,69505.62,475.83
2017/5/9,知商金融,730.96,6.95%,180,1.56,37,480.89,48035.93,-1991.94
2017/5/9,石投金融,723.9,7.60%,204,3.24,96,57.68,91308.8,-732.54
2017/5/9,融租E投,715.4,7.90%,77,4.68,20,962.81,43671.46,649.82
2017/5/9,乐居财富,712,14.58%,667,5.94,22,22.65,77229.58,264.03
2017/5/9,聚车金融,705.63,11.86%,111,0.94,39,47.13,14413.51,245.71
2017/5/9,金开贷,690,7.74%,150,8.09,5,1.56,75169.11,468.03
2017/5/9,杉易贷,671.82,8.45%,78,9.66,20,423.11,20626.94,236.53
2017/5/9,可溯金融,668.71,9.01%,1151,2.74,117,21.23,57166.29,40.18
2017/5/9,大麦理财,667,9.87%,212,7.49,5,894.39,73274.48,22.86
2017/5/9,理财范,639.59,9.22%,366,6.88,10,274.49,297784.97,47.54
2017/5/9,好好理财,625,13.51%,202,8.45,9,1007.14,49798.24,532.21
2017/5/9,安捷财富,621,12.16%,1379,7.73,11,1232.98,186358.18,301.93
2017/5/9,粤商贷,617.27,11.53%,300,2.81,13,392,26500.54,-825.74
2017/5/9,金盈所,615.88,9.25%,159,6.18,5,271.87,82512.24,632.45
2017/5/9,中广核富盈,615.65,7.78%,59,9.5,35,7.86,52966.04,462.4
2017/5/9,易港金融,612.69,9.48%,149,1.99,61,12.44,31165.52,278.66
2017/5/9,信和大金融,611.15,8.66%,261,10.2,89,0,928761.91,-4440.36
2017/5/9,乐享宝,595.99,9.15%,529,4.91,53,179.85,37984.37,559.43
2017/5/9,宜聚网,595.24,10.79%,338,2.62,35,182.24,73846.94,166.12
2017/5/9,信融财富,581.02,12.74%,1430,9.35,704,21.63,284721.01,316.3
2017/5/9,银客网,552.27,9.33%,358,10.21,18,283.4,91345.85,-713.88
2017/5/9,联连理财,551.65,10.87%,821,1.96,337,170.04,28549.17,-151.09
2017/5/9,万盈金融,551.28,12.02%,335,10.89,28,263.02,103809.07,377.88
2017/5/9,日日昌,550.52,8%,128,4.45,6,280.62,42180.12,201.8
2017/5/9,票票喵,535.81,10.84%,0,2.88,2,0,17849.15,421.4
2017/5/9,鱼猫金服,535.1,9.81%,21,2.01,7,4.76,4195.59,460.21
2017/5/9,口袋理财,526.89,8.91%,17868,8.26,382,17.83,403395.16,-918.22
2017/5/9,礼德财富,521,11.94%,467,4.82,8,372.54,95866.35,-129.88
2017/5/9,花果金融,520,8.58%,134,4.12,17,349.54,46655.96,224.03
2017/5/9,两只老虎,511.13,8.23%,560,1.59,4,193.75,68738.24,340.64
2017/5/9,农泰金融,504.8,7.50%,544,2.66,20,32,79029.1,-321.4
2017/5/9,珠宝平安贷,502,9.96%,7,2.96,8,96.25,3775.7,225.09
2017/5/9,短融网,495.78,9.65%,1244,4.64,40,644.7,70464.04,199.17
2017/5/9,易融恒信,494.78,13.95%,568,13.07,53,48.72,38615.47,328.31
2017/5/9,领投鸟,494.27,10.16%,0,2.56,1,1234.82,25033.3,67.74
2017/5/9,腾邦创投,480,15%,3,0.03,1,2.32,480.2,480.2
2017/5/9,后河财富,462.52,12.43%,240,13.25,63,139.13,48179.01,197.16
2017/5/9,合盘贷,450,7.87%,91,2.11,2,8405.51,28807.63,454.69
2017/5/9,丁丁贷,441.47,12.81%,510,1.75,65,22.58,42753.21,112.63
2017/5/9,国泰惠民益贷,440.68,8.71%,353,2.69,3,600.16,38455.77,-30.08
2017/5/9,诚汇通,422.48,14.64%,352,12.97,18,234.29,80029.86,103.81
2017/5/9,钱吧,419.07,9.20%,284,6.89,61,22.88,86673.68,162.43
2017/5/9,果儿金融,417.9,9.46%,121,1.1,14,20.99,10072.82,101.66
2017/5/9,生菜金融,417.75,9.62%,376,4.1,83,0,39418.8,-198.52
2017/5/9,金控网贷,414,6.07%,152,2.49,1,42.32,22030.08,418.15
2017/5/9,百金贷,409.37,9.25%,1055,2.05,33,186.03,20687.76,40.02
2017/5/9,融贝网,404.29,8.89%,281,5.71,26,152.83,101208.31,-158.29
2017/5/9,麦麦提,403,10.05%,1,2.02,8,267.14,12721.5,-21.81
2017/5/9,小狗钱钱,400,10.95%,171,2.65,14,754.02,12417.82,110
2017/5/9,前海惠农,390,8.67%,36,2.87,5,1511.38,8707.63,30.5
2017/5/9,恒信易贷,389.74,12.50%,271,5.69,75,32.85,52278.17,-2.03
2017/5/9,投复利,388.44,14.05%,591,9.3,5,123.97,32824.91,255.56
2017/5/9,金益金服,380,10.80%,67,1,1,431.45,-20788.21,373.33
2017/5/9,玖融网,374.34,10.56%,498,8.76,36,39.49,77602.92,238.59
2017/5/9,浙昌贷,358.44,11.96%,33,1.49,6,13.65,6646.2,231.8
2017/5/9,云钱袋,357.7,8.31%,244,5.49,16,1052.89,51624.95,16.32
2017/5/9,合拍贷,352.8,11.51%,118,4.47,5,823.16,19244.02,89.89
2017/5/9,工艺通,350,9.69%,42,9.43,2,2095.5,70987.39,320.23
2017/5/9,邦帮堂,340.5,6.37%,20,3.41,2,1932.92,152928.16,-577.79
2017/5/9,诚信贷,340.41,9.37%,40,1.14,3,257.83,46680.51,60.47
2017/5/9,禧龙来,335.3,10.80%,24,1,21,2.75,7851.93,-70.9
2017/5/9,私房钱,333,12.94%,187,6.79,5,0,0,0
2017/5/9,拉拉财富,330,9.02%,30,2.06,7,990.67,18765.98,10.78
2017/5/9,海金所,330,9.78%,47,5.7,5,2211.72,50229.8,-103.33
2017/5/9,中融投,325,10.31%,245,3.88,7,820.94,30324.99,29.91
2017/5/9,安心贷,312.75,8.33%,225,7.86,94,535.69,108197.72,100.76
2017/5/9,抱财网,310,10.77%,169,5.84,2,1280.68,113182.49,-437.96
2017/5/9,金投手,309.9,8.29%,46,4.09,4,3868.02,35051.35,318.8
2017/5/9,金融社,305.5,11.77%,30,6.59,24,0,11495.93,275.42
2017/5/9,医购贷,305,10.76%,113,9.85,4,1518.5,25620.12,217.79
2017/5/9,互贷网,304.42,11.03%,133,3.66,5,842.3,54803.86,192.91
2017/5/9,雪山贷,300.4,11.08%,172,6.16,5,1060.56,58205.6,97.57
2017/5/9,银巴克,300,10.27%,67,2.33,3,39.24,12577.53,157.05
2017/5/9,钱香,300,10.07%,68,4,2,30.62,29719.72,102.43
2017/5/9,乐投天下,300,9.67%,170,1.67,6,478.75,55835.66,31.35
2017/5/9,珠宝贷,300,9.60%,176,2,2,15.35,97194.48,-912.57
2017/5/9,绿化贷,296.63,11.43%,231,6.7,13,145.6,40262.17,-91.12
2017/5/9,稳贷网,292.3,17.69%,118,8.06,5,0.08,15650.9,281.28
2017/5/9,合众金服,288,9.40%,0,10.02,4,955.94,46762,280.51
2017/5/9,沃时贷,276.1,12.76%,360,7.91,38,86.89,45098.27,6.19
2017/5/9,沪商财富,275.4,15.45%,167,14.35,9,24.69,18238.02,4.35
2017/5/9,联投金融,267.6,14.76%,83,4.1,8,578.89,3471.2,90.53
2017/5/9,51帮你,260,11.76%,81,1.1,5,70.56,4999.64,44
2017/5/9,金元宝理财,256.04,11.23%,257,5.56,6,2.2,53229.59,252.42
2017/5/9,中兴财富,252.3,15.52%,181,5.36,28,52.41,18027.1,94.86
2017/5/9,华众金服,250,9%,88,1,5,0.23,7037.39,0
2017/5/9,e微贷,248.37,11.99%,99,7.49,21,458.95,18782.36,184.55
2017/5/9,大同行,248,8.60%,109,0.86,8,460.72,27713.5,101.54
2017/5/9,银狐财富,242.5,8.70%,25,2.43,5,925.83,19625.86,-39.27
2017/5/9,寺库,236.9,9.31%,63,1.65,10,44.16,12574.25,125.31
2017/5/9,一点钱  ,232,8%,7,0.33,2,3600,5854.49,-98.9
2017/5/9,小猪罐子,220.4,10.85%,159,4.35,16,346.78,28460.07,37.53
2017/5/9,财火火,218,14%,44,2.83,2,244.71,2753.66,171.33
2017/5/9,民投金服,216.73,9.15%,212,1.13,28,27.24,16313.59,91.23
2017/5/9,钱内助,216.66,11.59%,371,3.53,7,761.03,30179.22,-285.37
2017/5/9,玺鉴,216,9.03%,30,2.74,5,1003.65,9644.06,70.44
2017/5/9,豫商贷,215.6,14.83%,177,5.71,6,333.88,27341.56,-52.59
2017/5/9,广富宝,209.95,12.34%,145,4.04,41,102.9,7963.73,95.36
2017/5/9,普汇云通,200,11.93%,141,3.75,4,2391.1,15321.03,156.44
2017/5/9,中融宝,200,7.80%,58,4.5,2,702.85,41545.58,205.4
2017/5/9,新华久久贷,200,8.70%,45,6,2,262.62,22317.75,199.05
2017/5/9,天府财富,200,6.25%,30,6,1,1624.88,46228.44,1.63
2017/5/9,小米贷,198.21,12.06%,61,1.78,2,2356.37,5847.77,175.3
2017/5/9,众易贷,193.1,14.72%,228,1.65,19,127.62,6675.75,-53.93
2017/5/9,果树财富,192.96,12.62%,336,3.65,50,27.83,25741.5,31.63
2017/5/9,百财车贷,192.47,10.35%,84,2.44,25,1.11,10520.97,47.88
2017/5/9,壹心贷,192,9.52%,32,2.33,4,0,9740.24,-150.32
2017/5/9,快快贷,190,9.60%,159,2.53,6,496.31,16080.94,70.28
2017/5/9,信和贷,188,14.67%,97,2.14,4,545.24,14218.08,84.64
2017/5/9,智融财富,181.66,13.80%,55,1.58,6,355.91,7954.37,42.72
2017/5/9,小微时贷,180.02,15.54%,251,4.05,17,9.17,18737.48,17.55
2017/5/9,达人贷,179.17,14.16%,471,18.42,306,12.76,12096.15,127
2017/5/9,壹佰金融,176.73,11.30%,67,8.45,18,1111.55,88001.26,-402.17
2017/5/9,万家贷,171.8,9.90%,119,1.92,11,142.83,9021.27,54.38
2017/5/9,摇财树,169.6,9.01%,27,1.02,5,0,28328.46,-149.57
2017/5/9,360金融,168.6,15.19%,62,3.56,8,2.79,9557.08,69.94
2017/5/9,超爱财,165,8.36%,89,4.6,9,164.75,19924.07,-8.48
2017/5/9,旺财谷,160,7.56%,58,2.16,2,1039.25,49920.9,-222.02
2017/5/9,介贷,159.6,14.42%,63,10.53,10,480.15,25051.94,91.93
2017/5/9,微邦金融,155,11.97%,21,3.19,4,3208.76,5466.02,108.6
2017/5/9,脐橙金融,153,10.59%,81,2.18,4,767.39,5729.31,100.85
2017/5/9,道口金融网,151.98,12.59%,44,5.54,22,135.45,8158.98,96.02
2017/5/9,壹宝贷,145.7,10.58%,132,3.38,8,221.23,22443.01,-72.02
2017/5/9,金源贷,143,19.02%,43,2.47,9,10.31,8207.59,61.19
2017/5/9,掌中财富,142.06,12.55%,145,6.48,20,5.39,19862.61,-3.43
2017/5/9,为为贷,140.81,12.81%,35,1.41,23,130.13,4052.03,20.4
2017/5/9,迅泊达,140.4,11.23%,47,1.55,4,2.48,6458.03,18.4
2017/5/9,百利市,140,6.80%,13,1,4,25.15,6954.99,140.79
2017/5/9,财富智汇,135,16.01%,0,3.03,5,0,7648.17,9.09
2017/5/9,长久贷,135,14.43%,73,2.93,6,602.18,9895.39,77.28
2017/5/9,协众金融,130,11.35%,27,1.74,9,826.58,1329.63,-49.9
2017/5/9,助商贷,126.16,14.57%,95,4.61,13,75.27,4992.43,58.4
2017/5/9,贵州网贷,125,20%,46,3,8,212.92,6409.36,-21.48
2017/5/9,金牌理财,123.43,13.87%,31,2.11,6,522.29,3798.43,97.6
2017/5/9,前海广深发,122.4,15.16%,52,9.77,9,87.41,7314.17,96.53
2017/5/9,小树时代理财,121.51,16.72%,40,11.75,273,0,2476.32,121.21
2017/5/9,财富500,121.2,10%,26,2.4,1,24.7,4567.78,-3.47
2017/5/9,合拍在线,120,10.17%,10,3.5,2,12.52,114483.27,-436.47
2017/5/9,余易贷,120,11.60%,22,1.67,6,32.98,10580.89,-83.18
2017/5/9,赢众投,120,8.76%,8,3.01,3,70.33,8770.51,60.92
2017/5/9,德众金融,116.68,7.93%,57,10.84,11,30.02,133172.04,-179.93
2017/5/9,世纪金服,116,13.88%,22,5.64,5,79.8,11578.55,79.26
2017/5/9,小算盘,115,9.09%,112,1.64,13,681.22,6455.78,96.32
2017/5/9,米利财富,115,23.61%,32,18,3,1479.42,20658.09,131.95
2017/5/9,量子金融,113.95,12.65%,28,2.79,7,4.31,4340.23,62.56
2017/5/9,天恩世诚,113.4,9.29%,63,2.31,8,2.89,2679.43,50.12
2017/5/9,小平贷,113.27,11.91%,64,4.73,102,0,3187.35,-60.86
2017/5/9,前金所,107.1,10.33%,15,2.82,74,15.02,5518.02,22.28
2017/5/9,糖果金融,106.9,9.51%,12,4.61,10,1607.93,12507.49,19.9
2017/5/9,鼎信贷,106.2,11.34%,63,6.44,10,189.14,9024.55,23.2
2017/5/9,爱当宝,103.72,8%,49,1,7,681.24,3636.06,102.38
2017/5/9,广州e贷,102.9,8.02%,0,3.77,6,0,35748.43,-150.66
2017/5/9,钱增增,101,15.10%,30,1.06,9,46.48,4301.34,3.33
2017/5/9,惠金贷,101,16.80%,25,7.6,9,37.28,7798.19,30.05
2017/5/9,百泉贷,100,13.50%,67,9,1,0.18,19909.15,102.33
2017/5/9,雪莲借贷,100,12%,42,4.5,2,18.26,3545.36,83.59
2017/5/9,蜂投网,100,12.53%,42,5.35,5,1289.93,4614.69,-10.17
2017/5/9,易享贷,100,7.50%,25,0.33,1,251.23,3785.25,67.63
2017/5/9,新安左右贷,100,8.20%,15,12,1,0.36,29619.05,100.48
2017/5/9,民信贷   ,100,9%,1,3,1,2764.11,11082.51,83.21
2017/5/9,易互贷,100,15.60%,17,1,2,197,3094.35,-0.2
2017/5/9,口贷网,100,16.80%,35,6,1,359.33,68918.97,-378.54
2017/5/9,财雨网,100,8.20%,27,3,1,4285,1821.93,-99.38
2017/5/9,锦绣钱程,100,8.50%,4,6,1,602.54,20311.53,-405.08
2017/5/9,财神在线,100,8.15%,11,2,2,0,5156.89,70.73
2017/5/9,新富创投,98.75,11.19%,100,7.73,19,243.24,8737.74,71.18
2017/5/9,58车贷,98.1,11.83%,59,5.54,8,665.35,10279.85,56.61
2017/5/9,创乐财富,98,12.93%,30,2.29,3,2.96,4623.59,-4.75
2017/5/9,前海领投,90,10.50%,23,0.67,1,30.23,944.32,90.53
2017/5/9,融资易,90,11%,16,3.07,1,5665.21,11516.71,31.98
2017/5/9,聚金资本,89,11.55%,202,1.88,2,24.77,16278.71,-8.73
2017/5/9,丰投网,87.77,8.74%,22,2.34,2,1802.35,8250.49,-79.8
2017/5/9,存利网,87,10.01%,38,10.44,12,386.97,29689.63,17.89
2017/5/9,锐盈财富,85,10.49%,36,3.47,3,2.13,3610.13,80.22
2017/5/9,益合贷,82.25,12%,20,2,2,0.45,3608.31,26.62
2017/5/9,搜搜金融网,80.8,11.57%,25,2.04,4,373.45,2529.7,-20.6
2017/5/9,微E贷,80,9.80%,26,1,4,360,4673.64,19.58
2017/5/9,商富贷,77.47,10.52%,42,1.58,11,113.74,4356.11,14.78
2017/5/9,奇乐融,76.57,6.65%,23,2.31,13,168.87,17362.63,-429.34
2017/5/9,赶贷网,75.82,9.13%,40,2.03,12,820.77,3625.22,-0.67
2017/5/9,车财网,75,13.50%,49,2,2,38.73,3997.21,68.73
2017/5/9,民民贷,70.8,14.16%,95,3.69,12,15.01,12490.46,-29.87
2017/5/9,久信e贷,70.7,16.44%,17,1.44,5,0.04,2880.54,6.99
2017/5/9,来融金服,70,10.80%,18,6,2,3217.86,10384.45,21.08
2017/5/9,蜂缘财富,70,10.50%,9,6.14,7,4529.54,3191.01,52.58
2017/5/9,众金在线,70,12.21%,72,4.71,3,473.67,19639.05,66.66
2017/5/9,石榴壳,70,10%,7,5.14,2,1.18,1505.15,73
2017/5/9,大时贷,69,16.17%,11,5.17,4,273.29,7993.04,15.02
2017/5/9,利得行,68.43,9.33%,0,2.82,3,370.55,8007.08,-42.57
2017/5/9,简易贷,67.49,12.78%,17,3.43,8,963.74,3703.98,4.81
2017/5/9,悦享金服,64.99,9.22%,20,1.03,5,676.96,2322.01,5.28
2017/5/9,网投网,64,14.02%,106,12.18,50,0.19,14887.37,8.16
2017/5/9,方元金服,63,9.22%,41,11.49,4,1454.67,12497.72,-250.52
2017/5/9,金融工场,60.22,9.41%,58,13.73,134,6.15,173150.34,-406.48
2017/5/9,易贷在线,60,18.71%,33,1.96,5,132,1987.63,45.39
2017/5/9,建工E贷,60,13.20%,21,1.33,3,1067.67,838.19,40.66
2017/5/9,金财动力,58.83,8.96%,32,2.53,6,10.68,16280.08,-41.15
2017/5/9,微品金融,58,7.20%,31,1,1,1440,24479.93,-471.87
2017/5/9,e葱金融,58,8.47%,12,0.73,2,29.06,1892.7,58.31
2017/5/9,秒贷金融,57,7.54%,168,1.36,4,980.71,8236.02,-37.1
2017/5/9,百捷金融,55,9.38%,23,4.18,6,706.67,5426.12,56.5
2017/5/9,房易贷,55,12.36%,45,7.09,2,37.5,9439.7,31.55
2017/5/9,好收益,55,12%,79,2.95,2,2377.04,10428.09,-129.79
2017/5/9,洋葱先生,54.85,13.60%,731,14.29,364,0,43087.08,-26.68
2017/5/9,多宝贷,51.64,9.10%,113,5.11,15,1260.85,13514.43,-37.47
2017/5/9,城城理财,51.5,12.15%,37,3.03,1,262.5,145090.28,0
2017/5/9,律信智投,51.2,13%,24,1,4,359,2015.06,-1.97
2017/5/9,微易贷,51.19,18.37%,67,9.87,74,19.8,6850.59,24.74
2017/5/9,中再融,51.12,10.66%,43,2.99,8,333.61,3919.58,1.21
2017/5/9,瑞银创投,50,14%,62,1,1,2641.29,12332.18,33.79
2017/5/9,好房理财网,50,10%,0,3,1,1895.53,1727.54,51.25
2017/5/9,金海贷,50,13.60%,63,6,1,1.56,39043.4,-163.06
2017/5/9,亿企聚财,50,6.50%,12,1,1,4363.12,925.91,0
2017/5/9,理财去,50,10.78%,21,4.8,2,2474,6775.48,51.64
2017/5/9,欧亚金融,50,10%,22,2,1,1722,7876.45,-51.8
2017/5/9,长汇财富,49,12%,23,1,2,1.4,2407.6,-17.38
2017/5/9,你好贷,48.1,9.14%,4,4.87,3,958.82,4068.22,29.46
2017/5/9,狮子座金融,48,24%,4,24,1,3.35,20005.98,-69.33
2017/5/9,众贷汇,48,14.89%,13,2.42,6,196.19,4444.43,42.35
2017/5/9,大众贷,48,15%,92,4.33,3,1587.67,6852.91,17.38
2017/5/9,看看钱包,46.1,9.17%,29,6.7,1,152.62,4478.41,45.53
2017/5/9,财富N次方,46,12%,33,1,5,42.61,-2423.1,16.16
2017/5/9,千企贷,46,10%,3,1,3,0.33,373.35,-0.66
2017/5/9,龙城易贷,45.6,16.65%,44,4.25,3,27.2,2792.93,8.14
2017/5/9,四海众投,45.1,9.25%,28,1.12,4,130.03,4187.77,-27.19
2017/5/9,金瑞龙,43.15,12.07%,41,20.94,9,456.75,35872.33,-222.57
2017/5/9,汇财贷,43,11.56%,5,2.62,2,3218.42,3564.81,11.27
2017/5/9,阜阳金融网,42.44,18.41%,74,4.7,1,341.1,3740.29,-18.02
2017/5/9,优投在线,42,11.76%,4,6.6,6,0,5498.66,4.5
2017/5/9,有喜财富,41.8,11.28%,20,13.39,5,0.46,3714.51,17.27
2017/5/9,海星宝理财,41.42,11.91%,22,7.81,7,3.83,3040.71,14.72
2017/5/9,宝点网,40.5,12.79%,93,8.25,9,25.69,35808.38,-198.88
2017/5/9,淘收益,40,13.50%,7,6,1,4334.58,9150.75,19.4
2017/5/9,艺点理财,40,12%,8,2.99,1,0,4373.5,41.2
2017/5/9,步步盈,40,9.66%,76,9,1,16.11,12013.85,-74.04
2017/5/9,京金所,40,8%,14,1.68,2,1347.52,18085.84,-17.45
2017/5/9,橙旗贷,40,10%,9,3,1,3080.69,13604.16,41
2017/5/9,惠富天下,40,14.25%,20,7.75,4,0,0,-0.23
2017/5/9,微积金,39.69,11.34%,45,3.09,3,34.76,17661.66,0
2017/5/9,日融财富,39.3,12.85%,24,6.92,5,116.53,1710.99,25.86
2017/5/9,利好贷,36,14.24%,0,5.67,2,0.16,5272.41,-12.67
2017/5/9,闲钱宝,36,11.28%,20,4.67,3,133.18,5920.42,18.68
2017/5/9,金福财富,35.4,12.48%,30,6.45,4,193.92,4864,13.86
2017/5/9,喔喔贷,34,8.35%,10,3.65,3,1.74,12481.16,-95.39
2017/5/9,恒利网,33.5,10.11%,38,2.73,4,65.04,2122.39,15.19
2017/5/9,益投网贷,33,15.30%,14,2.74,2,802.37,1807.4,-0.11
2017/5/9,佰易贷,31.51,12%,27,9.93,3,596.7,3566.36,18.66
2017/5/9,优车融,31,14%,15,1,5,15.41,2066.94,10.12
2017/5/9,找银子,30.4,9.26%,10,3.79,4,2763.58,1471.21,-0.29
2017/5/9,金陵贷,30.3,10.80%,17,1,4,569.5,889.08,1.19
2017/5/9,汇付四海,30.23,8%,12,1.5,1,42.23,2479.63,-23.29
2017/5/9,物金所,30,11.04%,11,4.11,3,446.67,11787.69,-1.97
2017/5/9,冀金宝,30,14%,15,12,3,6.33,4693.01,23.04
2017/5/9,冠腾贷,30,16%,3,4,1,0,2864.63,20.99
2017/5/9,快捷财富,30,13%,6,1,1,5329,1001.49,-30.88
2017/5/9,鲁金所,29.9,8.43%,15,2.45,6,97.32,2905.78,-23.12
2017/5/9,网筹金融,28,9.50%,6,6,2,455.32,2376.67,29.29
2017/5/9,捷创贷,27.84,13%,12,1,5,234.75,536.61,2.87
2017/5/9,泛湾天域,27,13.52%,16,4.04,3,192.33,3990.19,7.31
2017/5/9,车赚,27,15%,8,1,2,0.2,1050.76,-10.83
2017/5/9,奔宝贷,26.71,14%,9,9.84,2,4122.34,2722.56,-21.42
2017/5/9,寻贷网,25.67,9.40%,19,3.44,2,1909.61,5222.99,16.73
2017/5/9,蜀丰财富,25,10%,24,1,5,1.05,1878.11,-0.1
2017/5/9,睿信财富,25,12.32%,9,2.2,1,2263,146.03,25.28
2017/5/9,惠投无忧,24.5,9.24%,30,3.73,3,16.56,7840.21,-5.69
2017/5/9,亿信天合,23.84,8%,13,1,5,28.84,380.22,-3.84
2017/5/9,禾泰财富,22.88,12.27%,8,3.03,1,1778.35,6361.84,-8.29
2017/5/9,惠车贷,22,15%,35,1,2,679.32,1325.16,-5.75
2017/5/9,云回通宝,22,15.60%,2,1,2,0,5163.24,-27.58
2017/5/9,真鑫贷,22,11.40%,1,1,1,240.13,120.93,-131.54
2017/5/9,爱上贷,22,15.07%,18,1,6,0.28,875.22,-0.06
2017/5/9,首信创投,20.5,12.07%,24,1,3,76.58,1524.72,-11.48
2017/5/9,中融通贷,20,11%,3,1,2,16.17,5533.03,-22.16
2017/5/9,就爱金融,20,9%,10,6,1,137,1811.32,20
2017/5/9,跃龙财富,20,18%,17,3.2,5,1.6,1128.55,15.81
2017/5/9,温易贷,20,13.80%,9,1,1,310.1,606.9,0
2017/5/9,赢贷通,20,12%,23,4,1,13,6962.94,-83.77
2017/5/9,收获宝,20,12%,7,12,1,0,4195.5,17.32
2017/5/9,亿钱贷,20,12.30%,1,3,1,5730.18,1458.67,20.62
2017/5/9,贴身贷,19,9.40%,7,2.42,5,23.45,573.1,6.58
2017/5/9,微镇,18.61,9.42%,19,5.37,12,0,6376.97,0
2017/5/9,飞特金融,18,12.35%,20,1.56,2,0.13,1594,3.42
2017/5/9,今日捷财,18,9.30%,0,1.7,2,0,29177.33,-111.29
2017/5/9,OK贷 ,17.68,10%,1,14.63,1,18.24,13718.52,-99.88
2017/5/9,宜人贷,17.68,12.12%,173,36.36,1,0.66,3313279.55,0
2017/5/9,前沿财富,17.5,17.40%,37,6.6,6,2.35,4774.15,-4.9
2017/5/9,如意财富,16.5,13.64%,14,4.09,2,2089.5,954.68,-18.58
2017/5/9,中投融,16.24,7%,21,0.78,2,674.19,208867.5,-199.06
2017/5/9,宁创贷,15.45,10.10%,13,1.02,1,1.23,14284.71,-5.54
2017/5/9,便民投,15.32,7%,9,0.23,1,2138.71,526.23,15.14
2017/5/9,票金所,15.23,7.49%,36,1.13,2,56.82,3959.41,-184.96
2017/5/9,熊猫贷,15,16.20%,2,1,2,0.5,2178.54,-0.56
2017/5/9,码头益,14.4,9.28%,4,3.57,2,3434.71,1321.7,7.86
2017/5/9,光合种子,14,9.50%,8,5.67,1,4640.8,3025.17,14.5
2017/5/9,亿亿理财,14,10.97%,16,1.29,2,0,1704.99,1.07
2017/5/9,车富88,13.9,10.78%,17,5.21,5,0.98,4108.81,-46.27
2017/5/9,众联财富,13.3,12.50%,15,1,2,0.25,773.31,3.28
2017/5/9,粒子财富,13,12%,14,1,2,26.15,1909.42,-6.52
2017/5/9,一一贷,12.6,6.90%,13,3.33,4,12.76,6102.9,-12.67
2017/5/9,钱来也,12,12%,5,1,1,4.56,465.89,-10.1
2017/5/9,易汇人人,12,7.95%,9,4.5,2,274.73,1312.78,-5.01
2017/5/9,创绩宝,11,9.05%,21,2.09,2,0,2014.51,4.54
2017/5/9,汇投网,10.3,9.36%,8,2.87,1,930.19,7548.07,0
2017/5/9,融易投,10,12.50%,34,6,1,133.4,2299.34,-2.72
2017/5/9,丰泽财富,10,15%,1,1.5,2,0,1522.98,-8.95
2017/5/9,迈信金融,10,8%,3,6,1,5897.3,1372.33,10
2017/5/9,泰山金融,10,10%,3,12,1,4193.4,11272.13,7.42
2017/5/9,聚宝珠,9.8,10%,3,0.92,3,2997.35,545.94,-0.16
2017/5/9,惠农时贷,9.19,7.72%,11,7.43,2,60,932.71,5.85
2017/5/9,小白菜理财,8.8,7.50%,1,0.5,1,0,417.87,-18.61
2017/5/9,车融资,6,10%,10,3.1,1,0,4102.62,-39.23
2017/5/9,投促金融,5.95,10%,9,24,1,3280.8,13238.47,4.31
2017/5/9,振源财富,5,18%,1,3,1,0,1301.36,-0.32
2017/5/9,飞鸟金融,4.4,10%,0,1,1,0,1121.49,4.43
2017/5/9,平平贷,4,15%,7,2.75,3,0.14,304.46,-0.47
2017/5/9,花生米富,3.24,13.65%,5,0.92,9,0,11392.55,0
2017/5/9,爱米理财,3.19,12.75%,2,18.36,1,2.7,44001.26,0
2017/5/9,优聚投,3,15%,0,0.23,1,1626.59,1390.19,3.01
2017/5/9,178网贷,3,14%,3,1,1,136.41,229.99,0.97
2017/5/9,中恒宝,3,5.27%,2,0.28,2,30.15,12847.91,-2.1
2017/5/9,麻袋理财,0.99,8.84%,10144,15.76,8,0,739422.13,-979.1
2017/5/9,亲亲小贷,0.42,14.26%,3,5.03,2,0.03,10418.26,0
2017/5/9,宝象金融,0.3,6.18%,1,1.11,1,0,57256.09,0
2017/5/9,易天贷,0.2,12%,21,0.2,1,0,1795.89,-5.62
2017/5/9,积木盒子,0.2,6.86%,11,1.85,9,0.16,469803.48,-3966.58
2017/5/9,e路同心,0.01,8.86%,1,1.79,1,0,109854.29,0
2017/5/9,善林宝,0,0%,0,0,0,0,10327.14,0
2017/5/9,东方汇,0,0%,0,0,0,0,287765.91,0
2017/5/9,普惠家,0,0%,0,0,0,0,275720.09,0
2017/5/9,升值空间,0,0%,0,0,0,0,13070.94,0
2017/5/9,多赢,0,0%,0,0,0,0,52648.5,0
2017/5/9,米缸金融,0,0%,0,0,0,0,242614.03,0
2017/5/9,58财福,0,0%,0,0,0,0,6576.62,0
2017/5/9,聚宝R,0,0%,0,0,0,0,2823015.86,0
2017/5/9,龙贷,0,0%,0,0,0,0,33570.91,-131.11
2017/5/9,森昊好时贷,0,0%,0,0,0,0,49324.18,0
2017/5/9,小鸡理财,0,0%,0,0,0,0,19844.47,0
2017/5/9,金票通,0,0%,0,0,0,0,1131121.97,0
2017/5/9,中潮金服,0,0%,0,0,0,0,10037.85,0
2017/5/9,君融贷,0,0%,0,0,0,0,162907.17,-109.91
2017/5/9,银票网,0,0%,0,0,0,0,69789.17,-2267.59
2017/5/9,金宝保,0,0%,0,0,0,0,174451.92,0
2017/5/9,沙小僧,0,0%,0,0,0,0,15683.77,0
2017/5/9,固金所,0,0%,0,0,0,0,8494.72,0
2017/5/9,多融财富,0,0%,0,0,0,0,42862.71,0
2017/5/9,钱贷网,0,0%,0,0,0,0,18062.56,-77.42
2017/5/9,城铁在融,0,0%,0,0,0,0,10256.88,0
2017/5/9,爱投金融,0,0%,0,0,0,0,23460.84,0
2017/5/9,星月创投,0,0%,0,0,0,0,20301.14,-106.53
2017/5/9,信广立诚贷,0,0%,0,0,0,0,46553.76,0
2017/5/9,中瑞财富,0,0%,0,0,0,0,73074.82,0
2017/5/9,钱道网,0,0%,0,0,0,0,10087.35,0
2017/5/9,来存吧,0,0%,0,0,0,0,74172.62,0
2017/5/9,鹏金所,0,0%,0,0,0,0,799968.46,0
2017/5/9,联金所,0,0%,0,0,0,0,52080.77,0
2017/5/9,三信贷,0,0%,0,0,0,0,40710.1,-376.51
2017/5/9,科瑞财富,0,0%,1,0,0,0,2020.36,-1.21
2017/5/9,开鑫金服,0,0%,0,0,0,0,1016977.23,-4388.26
2017/5/9,鑫华士,0,0%,0,0,0,0,0,0
2017/5/9,紫枫信贷,0,0%,0,0,0,0,2591.78,-6.28
2017/5/9,小鹅e贷,0,0%,1,0,0,0,50.95,-20.2
2017/5/9,众房宝,0,0%,56,0,0,0,6623.18,-71.93
2017/5/9,点点财富,0,0%,0,0,0,0,5375.84,-69.34
2017/5/9,投储在线,0,0%,0,0,0,0,659.36,-6.17
2017/5/9,中青金服福,0,0%,0,0,0,0,0,0
2017/5/9,金柜贷,0,0%,0,0,0,0,1204.87,-19.24
2017/5/9,国惠金融,0,0%,0,0,0,0,0,0
2017/5/9,徽金猫,0,0%,0,0,0,0,3405.44,-20.6
2017/5/9,钱程在线,0,0%,0,0,0,0,7435.99,-0.73
2017/5/9,天天贷,0,0%,0,0,0,0,5.51,-0.01
2017/5/9,首E家,0,0%,0,0,0,0,209506.17,-299.26
2017/5/9,宁安贷,0,0%,0,0,0,0,2229.04,-19.78
2017/5/9,新华贷,0,0%,0,0,0,0,0,0
2017/5/9,e租宝,0,0%,0,0,0,0,0,0
2017/5/9,青岛汇泉贷,0,0%,0,0,0,0,45773.48,-91.85
2017/5/9,小赢理财,0,0%,0,0,0,0,1593612.46,-6053.26
2017/5/9,猴子理财,0,0%,0,0,0,0,1819.1,-81.49
2017/5/9,财富派,0,0%,0,0,0,0,24656.9,-456.68
2017/5/9,草根新贷,0,0%,0,0,0,0,1256.73,-9.16
2017/5/9,贝贝创投,0,0%,0,0,0,0,0,0
2017/5/9,顺顺贷,0,0%,10,0,0,0,1230.67,-50.59
2017/5/9,宏鑫宝,0,0%,0,0,0,0,544.72,-15.2
2017/5/9,微金在线,0,0%,0,0,0,0,2781.49,-141.26
2017/5/9,创融在线,0,0%,0,0,0,0,877.83,-13.42
2017/5/9,莆商贷,0,0%,0,0,0,0,1325.34,0
2017/5/9,来财街,0,0%,0,0,0,0,0,0
2017/5/9,京贷网,0,0%,0,0,0,0,1033.85,-22.15
2017/5/9,平安理财网,0,0%,0,0,0,0,6327.88,-101.58
2017/5/9,乐升易贷,0,0%,0,0,0,0,810.51,-0.6
2017/5/9,万家兄弟,0,0%,0,0,0,0,0,-153.43
2017/5/9,小油菜,0,0%,0,0,0,0,21800.75,-207.22
2017/5/9,聚众金融,0,0%,0,0,0,0,94.72,-0.17
2017/5/9,智融会,0,0%,0,0,0,0,6482.42,-254.12
2017/5/9,渣丰投资,0,0%,0,0,0,0,0,0
2017/5/9,搜易贷,0,0%,0,0,0,0,14049.37,0
2017/5/9,聚投融,0,0%,0,0,0,0,0,0
2017/5/9,随时融,0,0%,0,0,0,0,106.38,-3.23
2017/5/9,万富宝,0,0%,0,0,0,0,3422.9,-78.86
2017/5/9,中国融信贷,0,0%,0,0,0,0,-15.21,-0.31
2017/5/9,聚融在线,0,0%,0,0,0,0,578.75,-8.3
2017/5/9,产融贷,0,0%,0,0,0,0,454.5,-3.03
2017/5/9,宏金多,0,0%,0,0,0,0,140.29,0
2017/5/9,钱海湾,0,0%,0,0,0,0,0,0
2017/5/9,幸福贷,0,0%,0,0,0,0,0,0
2017/5/9,智佳金服,0,0%,0,0,0,0,4883.36,-41.63
2017/5/9,钱富通,0,0%,0,0,0,0,6080.11,-30.11
2017/5/9,潮人贷,0,0%,0,0,0,0,4554.47,-1.35
2017/5/9,有融网,0,0%,0,0,0,0,50295.55,-712.58
2017/5/9,金海财富,0,0%,0,0,0,0,1073.94,-11.98
2017/5/9,逍遥贷,0,0%,0,0,0,0,0,0
2017/5/9,吉贷网,0,0%,0,0,0,0,0,0
2017/5/9,金桥梁,0,0%,0,0,0,0,20194.52,-353.74
2017/5/9,笨小孩理财,0,0%,0,0,0,0,4645.05,-36.5
2017/5/9,沃联财富,0,0%,1,0,0,0,430.34,-0.22
2017/5/9,诚甄财富,0,0%,0,0,0,0,1569.4,-40.76
2017/5/9,利融网,0,0%,0,0,0,0,1115.34,-32.29
2017/5/9,隆泰贷,0,0%,0,0,0,0,2356.92,-37.02
2017/5/9,瑞涛财富,0,0%,7,0,0,0,474.63,-30.36
2017/5/9,皖都金融,0,0%,0,0,0,0,2284.29,-20.41
2017/5/9,今金贷,0,0%,0,0,0,0,541.59,0
2017/5/9,联保投资网,0,0%,0,0,0,0,157.57,0
2017/5/9,滴滴理财,0,0%,0,0,0,0,2528.72,-72.1
2017/5/9,易融贷,0,0%,0,0,0,0,0,0
2017/5/9,点银网,0,0%,0,0,0,0,907.46,0
2017/5/9,新富金融,0,0%,0,0,0,0,9900.17,-1.88
2017/5/9,天天财富,0,0%,0,0,0,0,4567.05,-0.58
2017/5/9,万贝贷,0,0%,0,0,0,0,1946.88,-1
2017/5/9,鄂汇金融,0,0%,0,0,0,0,11185.33,-161.09
2017/5/9,凤凰金融,0,0%,0,0,0,0,0,2527.99
2017/5/9,宏信创投,0,0%,0,0,0,0,0,0
2017/5/9,YES金融,0,0%,1,0,0,0,2092.56,-29.55
2017/5/9,睿银财富,0,0%,0,0,0,0,0,0
2017/5/9,多多智富,0,0%,0,0,0,0,0,0
2017/5/9,甬e贷,0,0%,0,0,0,0,1395.25,-16.61
2017/5/9,点石金融,0,0%,9,0,0,0,860.47,-20.5
2017/5/9,永利宝,0,0%,933,0,0,0,37278.33,-462.85
2017/5/9,众可贷,0,0%,0,0,0,0,1832.18,-1.91
2017/5/9,好借好贷,0,0%,0,0,0,0,0,0
2017/5/9,九信金融,0,0%,0,0,0,0,8694.97,-128.88
2017/5/9,友金所,0,0%,0,0,0,0,213625.6,-276.53
2017/5/9,诚投在线,0,0%,0,0,0,0,5214.35,-2.5
2017/5/9,资本在线,0,0%,0,0,0,0,78690.23,-508.71
2017/5/9,意投财富,0,0%,0,0,0,0,0,0
2017/5/9,中盛金服,0,0%,0,0,0,0,0,0
2017/5/9,东方车贷,0,0%,0,0,0,0,3040.09,-43.82
2017/5/9,汇贷天下,0,0%,0,0,0,0,10349.59,-2.38
2017/5/9,普惠理财,0,0%,0,0,0,0,23113.76,-62.38
2017/5/9,贷乐网,0,0%,0,0,0,0,0,0
2017/5/9,融魔方,0,0%,0,0,0,0,0,0
2017/5/9,派派猪理财,0,0%,0,0,0,0,6735.46,-749.82
2017/5/9,信财贷,0,0%,0,0,0,0,1516.63,-0.16
2017/5/9,艺融网,0,0%,0,0,0,0,815.57,0
2017/5/9,贷贷巴,0,0%,0,0,0,0,0,0
2017/5/9,贷贷兴隆,0,0%,8,0,0,0,54841.19,-11.11
2017/5/9,上雨创投,0,0%,0,0,0,0,225.12,0
2017/5/9,神仙有财,0,0%,0,0,0,0,0,0
2017/5/9,钱诚理财,0,0%,0,0,0,0,1905.93,0
2017/5/9,力帆善融,0,0%,0,0,0,0,3969.35,0
2017/5/9,我企贷,0,0%,0,0,0,0,0,0
2017/5/9,速贷100,0,0%,0,0,0,0,1074.47,0
2017/5/9,正能贷,0,0%,0,0,0,0,684.02,-10.7
2017/5/9,小宝金服,0,0%,0,0,0,0,0,0
2017/5/9,91快车,0,0%,0,0,0,0,0,0
2017/5/9,百合贷,0,0%,11,0,0,0,33218.94,-38.5
2017/5/9,车能贷,0,0%,0,0,0,0,6589.69,-41.06
2017/5/9,白银巷子,0,0%,0,0,0,0,4031.22,-6.35
2017/5/9,周转贷,0,0%,0,0,0,0,35.27,0
2017/5/9,慈E贷,0,0%,0,0,0,0,3366.98,-60.39
2017/5/9,汉金所,0,0%,0,0,0,0,45313.07,-169.57
2017/5/9,轩辕财富,0,0%,0,0,0,0,11.53,0
2017/5/9,兆金所,0,0%,0,0,0,0,8669.84,-60.63
2017/5/9,普道财富,0,0%,55,0,0,0,13658,-104.48
2017/5/9,互惠理财网,0,0%,0,0,0,0,17715.67,-259.82
2017/5/9,国湘资本,0,0%,0,0,0,0,1175.91,-11.66
2017/5/9,贷未来,0,0%,0,0,0,0,3385.63,-2.49
2017/5/9,微信贷,0,0%,0,0,0,0,2766.6,0
2017/5/9,黄鹤金服,0,0%,0,0,0,0,0,0
2017/5/9,1号钱庄,0,0%,0,0,0,0,97.28,-11.43
2017/5/9,筷来财 ,0,0%,22,0,0,0,12873.23,-148.37
2017/5/9,当天金融,0,0%,0,0,0,0,0,0
2017/5/9,爱康金服,0,0%,62,0,0,0,39178.1,-725.26
2017/5/9,光彩玖玖,0,0%,17,0,0,0,12946.96,-83.96
2017/5/9,拍拍贷,0,0%,0,0,0,0,0,-10049.71
2017/5/9,快联财富,0,0%,23,0,0,0,55.4,-2.03
2017/5/9,百融网,0,0%,0,0,0,0,215.18,0
2017/5/9,四达投资,0,0%,0,0,0,0,1725.45,-3.92
2017/5/9,阿朋贷,0,0%,0,0,0,0,18521.33,-79.96
2017/5/9,国诚金融,0,0%,0,0,0,0,2741.98,-119.71
2017/5/9,医界贷,0,0%,0,0,0,0,64475.03,-245.12
2017/5/9,钱来网,0,0%,53,0,0,0,112028.52,-233.3
2017/5/9,69贷,0,0%,0,0,0,0,0,0
2017/5/9,车易贷,0,0%,0,0,0,0,19090.49,-156.13
2017/5/9,富仁金融,0,0%,0,0,0,0,0,0
2017/5/9,可乐贷,0,0%,0,0,0,0,57.04,0
2017/5/9,天玑汇富,0,0%,0,0,0,0,8992.59,-32.1
2017/5/9,相融网,0,0%,0,0,0,0,8710.33,-302.65
2017/5/9,融众网,0,0%,0,0,0,0,12391.86,-125.2
2017/5/9,融信网,0,0%,0,0,0,0,33820.12,-0.43
2017/5/9,首鸿财富,0,0%,0,0,0,0,1603.72,-75.92
2017/5/9,广群金融,0,0%,4,0,0,0,365.17,0
2017/5/9,e速贷,0,0%,0,0,0,0,3942.6,-116.71
2017/5/9,易米阳光,0,0%,0,0,0,0,1061.94,-0.04
2017/5/9,投融贷,0,0%,0,0,0,0,109.49,-0.11
2017/5/9,融裕贷,0,0%,0,0,0,0,775.12,-202.1
2017/5/9,分钱网,0,0%,11,0,0,0,9009.7,-2.45
2017/5/9,汇投资,0,0%,0,0,0,0,0,0
2017/5/9,满益网,0,0%,0,0,0,0,22913.83,-467.35
2017/5/9,私房投,0,0%,0,0,0,0,414.45,-29.06
2017/5/9,千金e诺,0,0%,0,0,0,0,1097.32,-0.57
2017/5/9,孔方兄,0,0%,0,0,0,0,0,0
2017/5/9,易e贷,0,0%,0,0,0,0,4886.42,-21.24
2017/5/9,融金宝,0,0%,0,0,0,0,40825.73,-959.15
2017/5/9,堆金网,0,0%,0,0,0,0,5187.92,-17.69
2017/5/9,融金桥,0,0%,1,0,0,0,4450.49,-0.69
2017/5/9,e融所,0,0%,0,0,0,0,0,639.72
2017/5/9,上网贷,0,0%,0,0,0,0,0,0
2017/5/9,人众金服,0,0%,0,0,0,0,70817.39,-49.63
2017/5/9,文宝保,0,0%,0,0,0,0,39162.96,-456.67
2017/5/9,广裕贷,0,0%,0,0,0,0,277.96,-5.95
2017/5/9,金统贷,0,0%,4,0,0,0,121.07,0
2017/5/9,点融网,0,0%,0,0,0,0,146152.81,-42.46
2017/5/9,慧融财富,0,0%,0,0,0,0,266.92,0
2017/5/9,合信金融,0,0%,0,0,0,0,1012.88,-0.8
2017/5/9,易宝金融,0,0%,0,0,0,0,3693.01,-281.1
2017/5/9,蛙蛙在线,0,0%,0,0,0,0,1350.3,-50.89
2017/5/9,票据客,0,0%,0,0,0,0,894.62,-77.99
2017/5/9,润合金融,0,0%,0,0,0,0,2372.65,-12.32
2017/5/9,贷金所,0,0%,0,0,0,0,14809.97,-156.6
2017/5/9,利聚网,0,0%,0,0,0,0,2906.33,-49.42
2017/5/9,苏丰创投,0,0%,0,0,0,0,0,0
2017/5/9,创赢易贷,0,0%,0,0,0,0,0,0
2017/5/9,合力贷,0,0%,0,0,0,0,23073.67,-158.01
2017/5/9,皮城金融,0,0%,0,0,0,0,68870.33,-290.17
2017/5/9,汉沃财富,0,0%,0,0,0,0,2939.62,-121.43
2017/5/9,贷贷网,0,0%,39,0,0,0,3829.62,-12.94
2017/5/9,易BANK,0,0%,0,0,0,0,6228.42,-51.73
2017/5/9,钱途在线,0,0%,0,0,0,0,812.67,-101
2017/5/9,立业贷,0,0%,0,0,0,0,18000.15,-157.42
